채널,국가,법인 거래처 리스트,본사 거래처 리스트,브랜드,유형
Apohem,스웨덴,BALMID AB (https://app.notion.com/p/BALMID-AB-3b63226ccd5b81c08b11dd53f6437f05?pvs=21),BALMID AB (https://app.notion.com/p/BALMID-AB-3b63226ccd5b81c08b11dd53f6437f05?pvs=21),"Centellian 24, K-Secret, Ongredients, PURITO SEOUL",벤더
Apotea,스웨덴,,BALMID AB (https://app.notion.com/p/BALMID-AB-3b63226ccd5b81c08b11dd53f6437f05?pvs=21),"Centellian 24, Dr.Althea, K-Secret, PURITO SEOUL",벤더
Bangerhead,스웨덴,,BALMID AB (https://app.notion.com/p/BALMID-AB-3b63226ccd5b81c08b11dd53f6437f05?pvs=21),PURITO SEOUL,벤더
COCO PANDA,스웨덴,,BALMID AB (https://app.notion.com/p/BALMID-AB-3b63226ccd5b81c08b11dd53f6437f05?pvs=21),PURITO SEOUL,벤더
blivakker,스웨덴,,BALMID AB (https://app.notion.com/p/BALMID-AB-3b63226ccd5b81c08b11dd53f6437f05?pvs=21),"Centellian 24, K-Secret, Ongredients, PURITO SEOUL",벤더
COCOPANDA,스웨덴,,BALMID AB (https://app.notion.com/p/BALMID-AB-3b63226ccd5b81c08b11dd53f6437f05?pvs=21),"K-Secret, PURITO SEOUL",벤더
Beauty Bay,영국,,Luneia (https://app.notion.com/p/Luneia-3bc3226ccd5b80d28d6be0ef0bb5f7b2?pvs=21),"BIODANCE, Beauty of Joseon, MIXSOON, Round Lab, VT Cosmetics",벤더
Boozt,스웨덴,,HPB (https://app.notion.com/p/HPB-3b63226ccd5b819c8823d658755f8435?pvs=21),"Anua, Aromatica, Beauty of Joseon, Centellian24, Elroel, Heveblue, Nature Republic, PURITO SEOUL, Pyunkang Yul, Round Lab, Seapuri, Skinfood, TOCOBO, Treecell, VT Cosmetics, iUnik",벤더
KICKS,스웨덴,,HPB (https://app.notion.com/p/HPB-3b63226ccd5b819c8823d658755f8435?pvs=21),"Anua, BIODANCE, Beauty of Joseon, Centellian24, Skinfood",벤더
MATAS,덴마크,,HPB (https://app.notion.com/p/HPB-3b63226ccd5b819c8823d658755f8435?pvs=21),"Anua, BIODANCE, Beauty of Joseon, Centellian24, D'alba, PURITO SEOUL, Pyunkang Yul, Round Lab, Skinfood, iUnik",벤더
"Lyko, MEDS, Apotea",스웨덴,,Retailbros AB (https://app.notion.com/p/Retailbros-AB-3b63226ccd5b81969db9d1dbcbb83779?pvs=21),Sungboon Editor,벤더
DM,불가리아,,BareCare International Ltd. (https://app.notion.com/p/BareCare-International-Ltd-3b63226ccd5b81c8add6ffbffa7f7027?pvs=21),"Anua, BIODANCE, Beauty of Joseon, Tirtir",벤더
Aqua&Sapone,이탈리아,,BIOUTY S.R.L. (https://app.notion.com/p/BIOUTY-S-R-L-3bc3226ccd5b80ae9177f2dc6c33e39b?pvs=21),Beauty of Joseon,벤더
DM,북마케도니아,,Bebe Houm Vib (https://app.notion.com/p/Bebe-Houm-Vib-3b63226ccd5b81a48475fa3c94d19f0c?pvs=21),"COSRX, MARY&MAY, PURITO SEOUL, SKIN1004",벤더
Rinascente,이탈리아,,BIOUTY S.R.L. (https://app.notion.com/p/BIOUTY-S-R-L-3bc3226ccd5b80ae9177f2dc6c33e39b?pvs=21),BIODANCE,벤더
DM,체코,,dalora s.r.o. (https://app.notion.com/p/dalora-s-r-o-3b63226ccd5b8113ba28d5684402e914?pvs=21),"Anua, BIODANCE, BOJ, COSRX, Dr.Rejuall, PURITO SEOUL, SOME BY MI, VT Cosmetics",벤더
"Metro - Jean Coutu,Brunet",캐나다,,Sukoshi Mart (https://app.notion.com/p/Sukoshi-Mart-3bc3226ccd5b80938a4fe0e97f26ac56?pvs=21),"Anua, BIODANCE, COSRX, Round Lab, SKIN1004",벤더
DM,헝가리,,Natur-all Ltd. (https://app.notion.com/p/Natur-all-Ltd-3b63226ccd5b811e9863d0b8161ebc39?pvs=21),"Abib, Anua, BIODANCE, Beauty of Joseon, COSRX, Purito, Pyunkang Yul, Tirtir, medicube",벤더
Newpharma,독일,,KENCANA (https://app.notion.com/p/KENCANA-3b63226ccd5b81f38867f2e8215d96e4?pvs=21),"Beauty of Joseon, COSRX, HaruHaru, Isntree, Pyunkang Yul, Round Lab, TOCOBO",벤더
ROSSMANN,헝가리,,"Natur-all Ltd. (https://app.notion.com/p/Natur-all-Ltd-3b63226ccd5b811e9863d0b8161ebc39?pvs=21), SigmaConto Ltd (https://app.notion.com/p/SigmaConto-Ltd-3b63226ccd5b817c937cc77d51658b1a?pvs=21)","AXIS-Y, COSRX, Dr. Althea, HEIMISH, Haruharu Wonder, Isntree, Nature Republic, Round Lab, SKIN1004, TOCOBO",벤더
Luxplus,덴마크,,DERMASPACE APS (https://app.notion.com/p/DERMASPACE-APS-3b63226ccd5b8135b84ef66f87991a24?pvs=21),"APLB, Abib, BENTON, BIODANCE, Beauty of Joseon, Belif, Elizavecca, Goodal, HEIMISH, Haruharu Wonder, Isntree, Jumiso, Klavuu, Laneige, MARY&MAY, Nature Republic, Neogen, Nineless, Purito, Pyunkang Yul, Round Lab, Skin&Lab, TOCOBO, Tirtir, VT Cosmetics, iUnik, medicube",벤더
dm Drogerie,세르비아,,"TRIBECA DOO (https://app.notion.com/p/TRIBECA-DOO-3b63226ccd5b81d58572f744b8499086?pvs=21), Muzej Teatar (https://app.notion.com/p/Muzej-Teatar-3b63226ccd5b81088686f5483f2d3e6a?pvs=21)","ARENCIA, AXIS-Y, BIODANCE, BOJ, COSRX, Haruharu Wonder, Medicude, PURITO SEOUL, SKIN1004, celimax, medicube",벤더
Coolshop,덴마크,,DERMASPACE APS (https://app.notion.com/p/DERMASPACE-APS-3b63226ccd5b8135b84ef66f87991a24?pvs=21),"Beauty of Joseon, Isntree, Nineless, Purito, Tirtir",벤더
Serbia,세르비아,,TRIBECA DOO (https://app.notion.com/p/TRIBECA-DOO-3b63226ccd5b81d58572f744b8499086?pvs=21),PURITO SEOUL,벤더
Magasin,덴마크,,DERMASPACE APS (https://app.notion.com/p/DERMASPACE-APS-3b63226ccd5b8135b84ef66f87991a24?pvs=21),"BIODANCE, Beauty of Joseon, Isntree, PURITO SEOUL, Pyunkang Yul, Tirtir, iUnik, medicube",벤더
DM drugstore,독일,,KENCANA (https://app.notion.com/p/KENCANA-3b63226ccd5b81f38867f2e8215d96e4?pvs=21),COSRX,벤더
Med24,덴마크,,DERMASPACE APS (https://app.notion.com/p/DERMASPACE-APS-3b63226ccd5b8135b84ef66f87991a24?pvs=21),"Abib, BENTON, BIODANCE, Banilla Co, Beauty of Joseon, HEIMISH, Haruharu Wonder, Isntree, Jumiso, Laneige, MARY&MAY, NUMBUZIN, PURITO SEOUL, Pyunkang Yul, Round Lab, TOCOBO, iUnik",벤더
Douglas,독일,,KENCANA (https://app.notion.com/p/KENCANA-3b63226ccd5b81f38867f2e8215d96e4?pvs=21),"Beauty of Joseon, COSRX, Dr. Althea, HEIMISH, HaruHaru, Isntree, PURITO SEOUL, Pyunkang Yul, Round Lab, TOCOBO, VT Cosmetics, iUnik",벤더
Nicehair,덴마크,,DERMASPACE APS (https://app.notion.com/p/DERMASPACE-APS-3b63226ccd5b8135b84ef66f87991a24?pvs=21),"Beauty of Joseon, Laneige, Pyunkang Yul, Tirtir",벤더
Douglas,크로아티아,,Heson d.o.o. (Zito Group) (https://app.notion.com/p/Heson-d-o-o-Zito-Group-3b63226ccd5b815b8178c5f35f05c1d7?pvs=21),PURITO SEOUL,벤더
NORMAL,덴마크,,DERMASPACE APS (https://app.notion.com/p/DERMASPACE-APS-3b63226ccd5b8135b84ef66f87991a24?pvs=21),"Beauty of Joseon, Elizavecca, Isntree, MARY&MAY, NUMBUZIN, Round Lab, Skinfood, Sungboon Editor, VT Cosmetics",벤더
Dr.Max,슬로바키아,,Beautex (https://app.notion.com/p/Beautex-3bc3226ccd5b8046ae07f74523e6d2b3?pvs=21),Isntree,벤더
Notino,독일,,KENCANA (https://app.notion.com/p/KENCANA-3b63226ccd5b81f38867f2e8215d96e4?pvs=21),"Beauty of Joseon, COSRX, HEIMISH, Isntree, PURITO SEOUL, Pyunkang Yul, Round Lab, iUnik",벤더
Etos,네덜란드,,Trind Cosmetics (https://app.notion.com/p/Trind-Cosmetics-3b63226ccd5b8137baa3f600e89794cf?pvs=21),Beauty of Joseon,벤더
NOTINO,체코,,VENUS EUROPE (https://app.notion.com/p/VENUS-EUROPE-3b63226ccd5b81e9b2eed2262cd26c12?pvs=21),"AXIS-Y, Anua, BENTON, Beauty of Joseon, COSRX, MARY&MAY, PURITO SEOUL, Pyunkang Yul, Round Lab, TOCOBO, VT Cosmetics, medicube",벤더
FARMASIET,노르웨이,,K-Beauty Norge AS (https://app.notion.com/p/K-Beauty-Norge-AS-3b63226ccd5b8136a5b4f515c26b0325?pvs=21),Beauty of Joseon,벤더
ROSSMANN PL,폴란드,,La Rose Sp.z o.o (https://app.notion.com/p/La-Rose-Sp-z-o-o-3b63226ccd5b811cac9aebc8b4fbb174?pvs=21),"Abib, Pyunkang Yul",벤더
Flaconi,독일,,KENCANA (https://app.notion.com/p/KENCANA-3b63226ccd5b81f38867f2e8215d96e4?pvs=21),"Beauty of Joseon, COSRX, Isntree, PURITO SEOUL, Pyunkang Yul, Round Lab, iUnik",벤더
SDM,캐나다,,EXOD INTERNATIONAL (https://app.notion.com/p/EXOD-INTERNATIONAL-3b63226ccd5b81bc9a89e1ff1048ffb8?pvs=21),"Anua, MIXSOON",벤더
Gekås Ullared,스웨덴,,Retailbros AB (https://app.notion.com/p/Retailbros-AB-3b63226ccd5b81969db9d1dbcbb83779?pvs=21),COSRX,벤더
Sephora UK,영국,,Skinsider Cosmetics Ltd (https://app.notion.com/p/Skinsider-Cosmetics-Ltd-3b63226ccd5b81828c2ff67512e719fe?pvs=21),Round Lab,벤더
K-Citymarket (Kesko),핀란드,,COSNF Oy (https://app.notion.com/p/COSNF-Oy-3b63226ccd5b8148a286ff0451d6c4f3?pvs=21),"Dr. Althea, NUMBUZIN, PURITO SEOUL, Round Lab, TOCOBO, VT Cosmetics",벤더
SUPER-PHARM,폴란드,,La Rose Sp.z o.o (https://app.notion.com/p/La-Rose-Sp-z-o-o-3b63226ccd5b811cac9aebc8b4fbb174?pvs=21),"BIODANCE, HEIMISH, MARY&MAY, NINE LESS, Pyunkang Yul, ROM&ND, iUnik, medicube",벤더
Lily,불가리아,,BareCare International Ltd. (https://app.notion.com/p/BareCare-International-Ltd-3b63226ccd5b81c8add6ffbffa7f7027?pvs=21),medicube,벤더
SUPERPHARM,폴란드,,La Rose Sp.z o.o (https://app.notion.com/p/La-Rose-Sp-z-o-o-3b63226ccd5b811cac9aebc8b4fbb174?pvs=21),"HEIMISH, MARY&MAY, NINE LESS, Pyunkang Yul",벤더
Lyko,"스웨덴, 노르웨이, 핀란드",,Retailbros AB (https://app.notion.com/p/Retailbros-AB-3b63226ccd5b81969db9d1dbcbb83779?pvs=21),medicube,벤더
TETA,체코,,VENUS EUROPE (https://app.notion.com/p/VENUS-EUROPE-3b63226ccd5b81e9b2eed2262cd26c12?pvs=21),"Anua, COSRX, Round Lab",벤더
Lyko,"스웨덴, 핀란드",,Retailbros AB (https://app.notion.com/p/Retailbros-AB-3b63226ccd5b81969db9d1dbcbb83779?pvs=21),NUMBUZIN,벤더
VITA,노르웨이,,K-Beauty Norge AS (https://app.notion.com/p/K-Beauty-Norge-AS-3b63226ccd5b8136a5b4f515c26b0325?pvs=21),"BIODANCE, Isntree, celimax",벤더
Lyko,스웨덴,,Retailbros AB (https://app.notion.com/p/Retailbros-AB-3b63226ccd5b81969db9d1dbcbb83779?pvs=21),"KSECRET, VT Cosmetics",벤더
Walmart,캐나다,,EXOD INTERNATIONAL (https://app.notion.com/p/EXOD-INTERNATIONAL-3b63226ccd5b81bc9a89e1ff1048ffb8?pvs=21),COSRX,벤더
"Lyko, Apohem, MEDS, Keauty",스웨덴,,Retailbros AB (https://app.notion.com/p/Retailbros-AB-3b63226ccd5b81969db9d1dbcbb83779?pvs=21),iUnik,벤더
MINISO,호주,,KRIJATHOR IMPORTS PTY LTD (https://app.notion.com/p/KRIJATHOR-IMPORTS-PTY-LTD-3b63226ccd5b8131bcd6d436c011ff3d?pvs=21),"ARENCIA, TOCOBO",벤더
"Lyko, Apohem, MEDS, Keauty","스웨덴, 핀란드",,Retailbros AB (https://app.notion.com/p/Retailbros-AB-3b63226ccd5b81969db9d1dbcbb83779?pvs=21),NUMBUZIN,벤더
Healthy Planet,캐나다,,EXOD INTERNATIONAL (https://app.notion.com/p/EXOD-INTERNATIONAL-3b63226ccd5b81bc9a89e1ff1048ffb8?pvs=21),medicube,벤더
"Lyko, Apohem, MEDS, Keauty, Gekås Ullared",스웨덴,,Retailbros AB (https://app.notion.com/p/Retailbros-AB-3b63226ccd5b81969db9d1dbcbb83779?pvs=21),BIODANCE,벤더
DM,크로아티아,,Rondomondo (https://app.notion.com/p/Rondomondo-3bc3226ccd5b80729366c2b85293090d?pvs=21),"Anua, BIODANCE, BOJ, COSRX, Purito, Round Lab",벤더
"Lyko, Apohem. MEDS, Luxplus, Keauty",스웨덴,,Retailbros AB (https://app.notion.com/p/Retailbros-AB-3b63226ccd5b81969db9d1dbcbb83779?pvs=21),VT Cosmetics,벤더
DM,보스니아 헤르체고비나,,Rondomondo (https://app.notion.com/p/Rondomondo-3bc3226ccd5b80729366c2b85293090d?pvs=21),"Anua, BIODANCE, BOJ, COSRX, MARY & MAY, Round Lab",벤더
"Lyko, Keauty",스웨덴,,Retailbros AB (https://app.notion.com/p/Retailbros-AB-3b63226ccd5b81969db9d1dbcbb83779?pvs=21),VT Cosmetics,벤더
DM,슬로베니아,,Rondomondo (https://app.notion.com/p/Rondomondo-3bc3226ccd5b80729366c2b85293090d?pvs=21),"BIODANCE, BOJ, COSRX, Round Lab",벤더
"Lyko, MEDS, Apohem",스웨덴,,Retailbros AB (https://app.notion.com/p/Retailbros-AB-3b63226ccd5b81969db9d1dbcbb83779?pvs=21),Dr.Althea,벤더
MEDS,스웨덴,,PRIORITIZE & MAXIMIZE SWEDEN AB (https://app.notion.com/p/PRIORITIZE-MAXIMIZE-SWEDEN-AB-3bc3226ccd5b8082b0f2c874f0f273a3?pvs=21),KSECRET,벤더
Chemist Warehouse,뉴질랜드,,TGD GLOBAL DISTRIBUTION TRADING L.L.C (https://app.notion.com/p/TGD-GLOBAL-DISTRIBUTION-TRADING-L-L-C-3b63226ccd5b816fb3fce0a607809daa?pvs=21),"ARENCIA, TOCOBO, medicube",벤더
Selfridges,영국,,Luneia (https://app.notion.com/p/Luneia-3bc3226ccd5b80d28d6be0ef0bb5f7b2?pvs=21),"BIODANCE, Beauty of Joseon, medicube",벤더
Very,영국,,Luneia (https://app.notion.com/p/Luneia-3bc3226ccd5b80d28d6be0ef0bb5f7b2?pvs=21),medicube,벤더
Samaritaine,프랑스,,Samaritaine (https://app.notion.com/p/Samaritaine-3bc3226ccd5b80a7b054c7923d8107f4?pvs=21),FWEE,벤더
"P&C - PERFUMES & COMPANHIA,",포르투갈,,P&C Beauty Limited (https://app.notion.com/p/P-C-Beauty-Limited-3b63226ccd5b811c8b36f41a625da5d7?pvs=21),"ARENCIA, Anua, BIODANCE, Beauty of Joseon, COSRX, Dr.Althea, KSECRET, Mediheal, Round Lab, SKIN1004, TOCOBO, VT Cosmetics, medicube",벤더
DM Slovakia,슬로바키아,,Beautex (https://app.notion.com/p/Beautex-3bc3226ccd5b8046ae07f74523e6d2b3?pvs=21),,벤더
Shoppers Drug Mart,캐나다,,EXOD INTERNATIONAL (https://app.notion.com/p/EXOD-INTERNATIONAL-3b63226ccd5b81bc9a89e1ff1048ffb8?pvs=21),"BIODANCE, Dr.Althea, MIXSOON",벤더
Holt Renfrew,캐나다,,EXOD INTERNATIONAL (https://app.notion.com/p/EXOD-INTERNATIONAL-3b63226ccd5b81bc9a89e1ff1048ffb8?pvs=21),"BIODANCE, Dr.Althea, medicube",벤더
Galleria Supermarket,캐나다,,EXOD INTERNATIONAL (https://app.notion.com/p/EXOD-INTERNATIONAL-3b63226ccd5b81bc9a89e1ff1048ffb8?pvs=21),Dr.Althea,벤더
kiokii and…,캐나다,,EXOD INTERNATIONAL (https://app.notion.com/p/EXOD-INTERNATIONAL-3b63226ccd5b81bc9a89e1ff1048ffb8?pvs=21),Dr.Althea,벤더
Primor,"스페인, 포르투갈",,Tradegate to Europe S.L. (https://app.notion.com/p/Tradegate-to-Europe-S-L-3b63226ccd5b81a19dfcef9f5324a9c5?pvs=21),"Anua, BIODANCE, Beauty of Joseon, Purito, Round Lab, TOCOBO",벤더
El Corte Ingles,스페인,,Tradegate to Europe S.L. (https://app.notion.com/p/Tradegate-to-Europe-S-L-3b63226ccd5b81a19dfcef9f5324a9c5?pvs=21),"Anua, BIODANCE, Beauty of Joseon, TOCOBO",벤더
Medi Market,스페인,,Tradegate to Europe S.L. (https://app.notion.com/p/Tradegate-to-Europe-S-L-3b63226ccd5b81a19dfcef9f5324a9c5?pvs=21),Beauty of Joseon,벤더
DIA (Clarel),스페인,,Tradegate to Europe S.L. (https://app.notion.com/p/Tradegate-to-Europe-S-L-3b63226ccd5b81a19dfcef9f5324a9c5?pvs=21),"AXIS-Y, Abib, Beauty of Joseon, DR ALTHEA, NUMBUZIN, Purito, celimax",벤더
Druni,"스페인, 포르투갈",,Tradegate to Europe S.L. (https://app.notion.com/p/Tradegate-to-Europe-S-L-3b63226ccd5b81a19dfcef9f5324a9c5?pvs=21),"Anua, BIODANCE, COSRX, DR ALTHEA, TOCOBO",벤더
Primaprix,"스페인, 포르투갈, 프랑스",,Tradegate to Europe S.L. (https://app.notion.com/p/Tradegate-to-Europe-S-L-3b63226ccd5b81a19dfcef9f5324a9c5?pvs=21),"COSRX, NUMBUZIN",벤더
Primor,"스페인, 포르투갈, 프랑스",,Tradegate to Europe S.L. (https://app.notion.com/p/Tradegate-to-Europe-S-L-3b63226ccd5b81a19dfcef9f5324a9c5?pvs=21),"AXIS-Y, DR ALTHEA, NUMBUZIN, celimax",벤더
Julia Perfumeria,"스페인, 안도라",,Tradegate to Europe S.L. (https://app.notion.com/p/Tradegate-to-Europe-S-L-3b63226ccd5b81a19dfcef9f5324a9c5?pvs=21),"BIODANCE, DR ALTHEA",벤더
DIA,스페인,,Tradegate to Europe S.L. (https://app.notion.com/p/Tradegate-to-Europe-S-L-3b63226ccd5b81a19dfcef9f5324a9c5?pvs=21),BIODANCE,벤더
DM drogerie,체코,,dalora s.r.o. (https://app.notion.com/p/dalora-s-r-o-3b63226ccd5b8113ba28d5684402e914?pvs=21),"AXIS-Y, Anua, BIODANCE, Beauty of Joseon, COSRX, NOVINKY 2026, PURITO SEOUL, SOME BY MI, VT Cosmetics, medicube",벤더
Rossman,헝가리,,SigmaConto Ltd (https://app.notion.com/p/SigmaConto-Ltd-3b63226ccd5b817c937cc77d51658b1a?pvs=21),"BIODANCE, COSRX, Medicube (EU), NUMBUZIN, Nature Republic, PURITO SEOUL, Purito, medicube",벤더
DM,세르비아,,TRIBECA DOO (https://app.notion.com/p/TRIBECA-DOO-3b63226ccd5b81d58572f744b8499086?pvs=21),KSECRET,벤더
Beauty privee,프랑스,,Beauty privee (https://app.notion.com/p/Beauty-privee-3bc3226ccd5b80d6800dd61b59772c70?pvs=21),"ARENCIA, AXIS-Y, Anua, BIODANCE, Beauty of Joseon, COSRX, Dr.Althea, EDGE U, FWEE, HEIMISH, Haruharu Wonder, Isntree, Jumiso, KSECRET, MARY&MAY, MIXSOON, NUMBUZIN, PURITO SEOUL, Pyunkang Yul, Round Lab, SKIN1004, SOMEBYMI, TOCOBO, Tirtir, VT Cosmetics, celimax, iUnik, medicube",벤더
Showroom privee,프랑스,,VEEPEE (https://app.notion.com/p/VEEPEE-3bc3226ccd5b807891b0d346a5845e77?pvs=21),"ARENCIA, AXIS-Y, BIODANCE, COSRX, Dr.Althea, Isntree, KSECRET, MIXSOON, Nature Republic, VT Cosmetics, celimax, medicube",벤더
,,,,,