채널,유형,국가,브랜드,본사 거래처 리스트,법인 거래처 리스트
Apohem,벤더,스웨덴,"Centellian 24, K-Secret, Ongredients, PURITO SEOUL",BALMID AB (https://app.notion.com/p/BALMID-AB-3b63226ccd5b81c08b11dd53f6437f05?pvs=21),BALMID AB (https://app.notion.com/p/BALMID-AB-3b63226ccd5b81c08b11dd53f6437f05?pvs=21)
Apotea,벤더,스웨덴,"Centellian 24, Dr.Althea, K-Secret, PURITO SEOUL",BALMID AB (https://app.notion.com/p/BALMID-AB-3b63226ccd5b81c08b11dd53f6437f05?pvs=21),
Bangerhead,벤더,스웨덴,PURITO SEOUL,BALMID AB (https://app.notion.com/p/BALMID-AB-3b63226ccd5b81c08b11dd53f6437f05?pvs=21),
COCO PANDA,벤더,스웨덴,PURITO SEOUL,BALMID AB (https://app.notion.com/p/BALMID-AB-3b63226ccd5b81c08b11dd53f6437f05?pvs=21),
blivakker,벤더,스웨덴,"Centellian 24, K-Secret, Ongredients, PURITO SEOUL",BALMID AB (https://app.notion.com/p/BALMID-AB-3b63226ccd5b81c08b11dd53f6437f05?pvs=21),
COCOPANDA,벤더,스웨덴,"K-Secret, PURITO SEOUL",BALMID AB (https://app.notion.com/p/BALMID-AB-3b63226ccd5b81c08b11dd53f6437f05?pvs=21),
Beauty Bay,벤더,영국,"BIODANCE, Beauty of Joseon, MIXSOON, Round Lab, VT Cosmetics",Luneia (https://app.notion.com/p/Luneia-3bc3226ccd5b80d28d6be0ef0bb5f7b2?pvs=21),
Boozt,벤더,스웨덴,"Anua, Aromatica, Beauty of Joseon, Centellian24, Elroel, Heveblue, Nature Republic, PURITO SEOUL, Pyunkang Yul, Round Lab, Seapuri, Skinfood, TOCOBO, Treecell, VT Cosmetics, iUnik",HPB (https://app.notion.com/p/HPB-3b63226ccd5b819c8823d658755f8435?pvs=21),
KICKS,벤더,스웨덴,"Anua, BIODANCE, Beauty of Joseon, Centellian24, Skinfood",HPB (https://app.notion.com/p/HPB-3b63226ccd5b819c8823d658755f8435?pvs=21),
MATAS,벤더,덴마크,"Anua, BIODANCE, Beauty of Joseon, Centellian24, D'alba, PURITO SEOUL, Pyunkang Yul, Round Lab, Skinfood, iUnik",HPB (https://app.notion.com/p/HPB-3b63226ccd5b819c8823d658755f8435?pvs=21),
DM,벤더,불가리아,"Anua, BIODANCE, Beauty of Joseon, Tirtir",BareCare International Ltd. (https://app.notion.com/p/BareCare-International-Ltd-3b63226ccd5b81c8add6ffbffa7f7027?pvs=21),
DM,벤더,북마케도니아,"COSRX, MARY&MAY, PURITO SEOUL, SKIN1004",Bebe Houm Vib (https://app.notion.com/p/Bebe-Houm-Vib-3b63226ccd5b81a48475fa3c94d19f0c?pvs=21),
DM,벤더,체코,"Anua, BIODANCE, BOJ, COSRX, Dr.Rejuall, PURITO SEOUL, SOME BY MI, VT Cosmetics",dalora s.r.o. (https://app.notion.com/p/dalora-s-r-o-3b63226ccd5b8113ba28d5684402e914?pvs=21),
DM,벤더,헝가리,"Abib, Anua, BIODANCE, Beauty of Joseon, COSRX, Purito, Pyunkang Yul, Tirtir, medicube",Natur-all Ltd. (https://app.notion.com/p/Natur-all-Ltd-3b63226ccd5b811e9863d0b8161ebc39?pvs=21),
ROSSMANN,벤더,헝가리,"AXIS-Y, COSRX, Dr. Althea, HEIMISH, Haruharu Wonder, Isntree, Nature Republic, Round Lab, SKIN1004, TOCOBO","Natur-all Ltd. (https://app.notion.com/p/Natur-all-Ltd-3b63226ccd5b811e9863d0b8161ebc39?pvs=21), SigmaConto Ltd (https://app.notion.com/p/SigmaConto-Ltd-3b63226ccd5b817c937cc77d51658b1a?pvs=21)",
dm Drogerie,벤더,세르비아,"ARENCIA, AXIS-Y, BIODANCE, BOJ, COSRX, Haruharu Wonder, Medicude, PURITO SEOUL, SKIN1004, celimax, medicube","TRIBECA DOO (https://app.notion.com/p/TRIBECA-DOO-3b63226ccd5b81d58572f744b8499086?pvs=21), Muzej Teatar (https://app.notion.com/p/Muzej-Teatar-3b63226ccd5b81088686f5483f2d3e6a?pvs=21)",
Serbia,벤더,세르비아,PURITO SEOUL,TRIBECA DOO (https://app.notion.com/p/TRIBECA-DOO-3b63226ccd5b81d58572f744b8499086?pvs=21),
DM drugstore,벤더,독일,COSRX,KENCANA (https://app.notion.com/p/KENCANA-3b63226ccd5b81f38867f2e8215d96e4?pvs=21),
Douglas,벤더,독일,"Beauty of Joseon, COSRX, Dr. Althea, HEIMISH, HaruHaru, Isntree, PURITO SEOUL, Pyunkang Yul, Round Lab, TOCOBO, VT Cosmetics, iUnik",KENCANA (https://app.notion.com/p/KENCANA-3b63226ccd5b81f38867f2e8215d96e4?pvs=21),
Douglas,벤더,크로아티아,PURITO SEOUL,Heson d.o.o. (Zito Group) (https://app.notion.com/p/Heson-d-o-o-Zito-Group-3b63226ccd5b815b8178c5f35f05c1d7?pvs=21),
Dr.Max,벤더,슬로바키아,Isntree,Beautex (https://app.notion.com/p/Beautex-3bc3226ccd5b8046ae07f74523e6d2b3?pvs=21),
Etos,벤더,네덜란드,Beauty of Joseon,Trind Cosmetics (https://app.notion.com/p/Trind-Cosmetics-3b63226ccd5b8137baa3f600e89794cf?pvs=21),
FARMASIET,벤더,노르웨이,Beauty of Joseon,K-Beauty Norge AS (https://app.notion.com/p/K-Beauty-Norge-AS-3b63226ccd5b8136a5b4f515c26b0325?pvs=21),
Flaconi,벤더,독일,"Beauty of Joseon, COSRX, Isntree, PURITO SEOUL, Pyunkang Yul, Round Lab, iUnik",KENCANA (https://app.notion.com/p/KENCANA-3b63226ccd5b81f38867f2e8215d96e4?pvs=21),
Gekås Ullared,벤더,스웨덴,COSRX,Retailbros AB (https://app.notion.com/p/Retailbros-AB-3b63226ccd5b81969db9d1dbcbb83779?pvs=21),
K-Citymarket (Kesko),벤더,핀란드,"Dr. Althea, NUMBUZIN, PURITO SEOUL, Round Lab, TOCOBO, VT Cosmetics",COSNF Oy (https://app.notion.com/p/COSNF-Oy-3b63226ccd5b8148a286ff0451d6c4f3?pvs=21),
Lily,벤더,불가리아,medicube,BareCare International Ltd. (https://app.notion.com/p/BareCare-International-Ltd-3b63226ccd5b81c8add6ffbffa7f7027?pvs=21),
Lyko,벤더,"스웨덴, 노르웨이, 핀란드",medicube,Retailbros AB (https://app.notion.com/p/Retailbros-AB-3b63226ccd5b81969db9d1dbcbb83779?pvs=21),
Lyko,벤더,"스웨덴, 핀란드",NUMBUZIN,Retailbros AB (https://app.notion.com/p/Retailbros-AB-3b63226ccd5b81969db9d1dbcbb83779?pvs=21),
Lyko,벤더,스웨덴,"KSECRET, VT Cosmetics",Retailbros AB (https://app.notion.com/p/Retailbros-AB-3b63226ccd5b81969db9d1dbcbb83779?pvs=21),
"Lyko, Apohem, MEDS, Keauty",벤더,스웨덴,iUnik,Retailbros AB (https://app.notion.com/p/Retailbros-AB-3b63226ccd5b81969db9d1dbcbb83779?pvs=21),
"Lyko, Apohem, MEDS, Keauty",벤더,"스웨덴, 핀란드",NUMBUZIN,Retailbros AB (https://app.notion.com/p/Retailbros-AB-3b63226ccd5b81969db9d1dbcbb83779?pvs=21),
"Lyko, Apohem, MEDS, Keauty, Gekås Ullared",벤더,스웨덴,BIODANCE,Retailbros AB (https://app.notion.com/p/Retailbros-AB-3b63226ccd5b81969db9d1dbcbb83779?pvs=21),
"Lyko, Apohem. MEDS, Luxplus, Keauty",벤더,스웨덴,VT Cosmetics,Retailbros AB (https://app.notion.com/p/Retailbros-AB-3b63226ccd5b81969db9d1dbcbb83779?pvs=21),
"Lyko, Keauty",벤더,스웨덴,VT Cosmetics,Retailbros AB (https://app.notion.com/p/Retailbros-AB-3b63226ccd5b81969db9d1dbcbb83779?pvs=21),
"Lyko, MEDS, Apohem",벤더,스웨덴,Dr.Althea,Retailbros AB (https://app.notion.com/p/Retailbros-AB-3b63226ccd5b81969db9d1dbcbb83779?pvs=21),
"Lyko, MEDS, Apotea",벤더,스웨덴,Sungboon Editor,Retailbros AB (https://app.notion.com/p/Retailbros-AB-3b63226ccd5b81969db9d1dbcbb83779?pvs=21),
Aqua&Sapone,벤더,이탈리아,Beauty of Joseon,BIOUTY S.R.L. (https://app.notion.com/p/BIOUTY-S-R-L-3bc3226ccd5b80ae9177f2dc6c33e39b?pvs=21),
Rinascente,벤더,이탈리아,BIODANCE,BIOUTY S.R.L. (https://app.notion.com/p/BIOUTY-S-R-L-3bc3226ccd5b80ae9177f2dc6c33e39b?pvs=21),
"Metro - Jean Coutu,Brunet",벤더,캐나다,"Anua, BIODANCE, COSRX, Round Lab, SKIN1004",Sukoshi Mart (https://app.notion.com/p/Sukoshi-Mart-3bc3226ccd5b80938a4fe0e97f26ac56?pvs=21),
Newpharma,벤더,독일,"Beauty of Joseon, COSRX, HaruHaru, Isntree, Pyunkang Yul, Round Lab, TOCOBO",KENCANA (https://app.notion.com/p/KENCANA-3b63226ccd5b81f38867f2e8215d96e4?pvs=21),
Luxplus,벤더,덴마크,"APLB, Abib, BENTON, BIODANCE, Beauty of Joseon, Belif, Elizavecca, Goodal, HEIMISH, Haruharu Wonder, Isntree, Jumiso, Klavuu, Laneige, MARY&MAY, Nature Republic, Neogen, Nineless, Purito, Pyunkang Yul, Round Lab, Skin&Lab, TOCOBO, Tirtir, VT Cosmetics, iUnik, medicube",DERMASPACE APS (https://app.notion.com/p/DERMASPACE-APS-3b63226ccd5b8135b84ef66f87991a24?pvs=21),
Coolshop,벤더,덴마크,"Beauty of Joseon, Isntree, Nineless, Purito, Tirtir",DERMASPACE APS (https://app.notion.com/p/DERMASPACE-APS-3b63226ccd5b8135b84ef66f87991a24?pvs=21),
Magasin,벤더,덴마크,"BIODANCE, Beauty of Joseon, Isntree, PURITO SEOUL, Pyunkang Yul, Tirtir, iUnik, medicube",DERMASPACE APS (https://app.notion.com/p/DERMASPACE-APS-3b63226ccd5b8135b84ef66f87991a24?pvs=21),
Med24,벤더,덴마크,"Abib, BENTON, BIODANCE, Banilla Co, Beauty of Joseon, HEIMISH, Haruharu Wonder, Isntree, Jumiso, Laneige, MARY&MAY, NUMBUZIN, PURITO SEOUL, Pyunkang Yul, Round Lab, TOCOBO, iUnik",DERMASPACE APS (https://app.notion.com/p/DERMASPACE-APS-3b63226ccd5b8135b84ef66f87991a24?pvs=21),
Nicehair,벤더,덴마크,"Beauty of Joseon, Laneige, Pyunkang Yul, Tirtir",DERMASPACE APS (https://app.notion.com/p/DERMASPACE-APS-3b63226ccd5b8135b84ef66f87991a24?pvs=21),
NORMAL,벤더,덴마크,"Beauty of Joseon, Elizavecca, Isntree, MARY&MAY, NUMBUZIN, Round Lab, Skinfood, Sungboon Editor, VT Cosmetics",DERMASPACE APS (https://app.notion.com/p/DERMASPACE-APS-3b63226ccd5b8135b84ef66f87991a24?pvs=21),
Notino,벤더,독일,"Beauty of Joseon, COSRX, HEIMISH, Isntree, PURITO SEOUL, Pyunkang Yul, Round Lab, iUnik",KENCANA (https://app.notion.com/p/KENCANA-3b63226ccd5b81f38867f2e8215d96e4?pvs=21),
NOTINO,벤더,체코,"AXIS-Y, Anua, BENTON, Beauty of Joseon, COSRX, MARY&MAY, PURITO SEOUL, Pyunkang Yul, Round Lab, TOCOBO, VT Cosmetics, medicube",VENUS EUROPE (https://app.notion.com/p/VENUS-EUROPE-3b63226ccd5b81e9b2eed2262cd26c12?pvs=21),
ROSSMANN PL,벤더,폴란드,"Abib, Pyunkang Yul",La Rose Sp.z o.o (https://app.notion.com/p/La-Rose-Sp-z-o-o-3b63226ccd5b811cac9aebc8b4fbb174?pvs=21),
SDM,벤더,캐나다,"Anua, MIXSOON",EXOD INTERNATIONAL (https://app.notion.com/p/EXOD-INTERNATIONAL-3b63226ccd5b81bc9a89e1ff1048ffb8?pvs=21),
Sephora UK,벤더,영국,Round Lab,Skinsider Cosmetics Ltd (https://app.notion.com/p/Skinsider-Cosmetics-Ltd-3b63226ccd5b81828c2ff67512e719fe?pvs=21),
SUPER-PHARM,벤더,폴란드,"BIODANCE, HEIMISH, MARY&MAY, NINE LESS, Pyunkang Yul, ROM&ND, iUnik, medicube",La Rose Sp.z o.o (https://app.notion.com/p/La-Rose-Sp-z-o-o-3b63226ccd5b811cac9aebc8b4fbb174?pvs=21),
SUPERPHARM,벤더,폴란드,"HEIMISH, MARY&MAY, NINE LESS, Pyunkang Yul",La Rose Sp.z o.o (https://app.notion.com/p/La-Rose-Sp-z-o-o-3b63226ccd5b811cac9aebc8b4fbb174?pvs=21),
TETA,벤더,체코,"Anua, COSRX, Round Lab",VENUS EUROPE (https://app.notion.com/p/VENUS-EUROPE-3b63226ccd5b81e9b2eed2262cd26c12?pvs=21),
VITA,벤더,노르웨이,"BIODANCE, Isntree, celimax",K-Beauty Norge AS (https://app.notion.com/p/K-Beauty-Norge-AS-3b63226ccd5b8136a5b4f515c26b0325?pvs=21),
Walmart,벤더,캐나다,COSRX,EXOD INTERNATIONAL (https://app.notion.com/p/EXOD-INTERNATIONAL-3b63226ccd5b81bc9a89e1ff1048ffb8?pvs=21),
MINISO,벤더,호주,"ARENCIA, TOCOBO",KRIJATHOR IMPORTS PTY LTD (https://app.notion.com/p/KRIJATHOR-IMPORTS-PTY-LTD-3b63226ccd5b8131bcd6d436c011ff3d?pvs=21),
Healthy Planet,벤더,캐나다,medicube,EXOD INTERNATIONAL (https://app.notion.com/p/EXOD-INTERNATIONAL-3b63226ccd5b81bc9a89e1ff1048ffb8?pvs=21),
DM,벤더,크로아티아,"Anua, BIODANCE, BOJ, COSRX, Purito, Round Lab",Rondomondo (https://app.notion.com/p/Rondomondo-3bc3226ccd5b80729366c2b85293090d?pvs=21),
DM,벤더,보스니아 헤르체고비나,"Anua, BIODANCE, BOJ, COSRX, MARY & MAY, Round Lab",Rondomondo (https://app.notion.com/p/Rondomondo-3bc3226ccd5b80729366c2b85293090d?pvs=21),
DM,벤더,슬로베니아,"BIODANCE, BOJ, COSRX, Round Lab",Rondomondo (https://app.notion.com/p/Rondomondo-3bc3226ccd5b80729366c2b85293090d?pvs=21),
MEDS,벤더,스웨덴,KSECRET,PRIORITIZE & MAXIMIZE SWEDEN AB (https://app.notion.com/p/PRIORITIZE-MAXIMIZE-SWEDEN-AB-3bc3226ccd5b8082b0f2c874f0f273a3?pvs=21),
Chemist Warehouse,벤더,뉴질랜드,"ARENCIA, TOCOBO, medicube",TGD GLOBAL DISTRIBUTION TRADING L.L.C (https://app.notion.com/p/TGD-GLOBAL-DISTRIBUTION-TRADING-L-L-C-3b63226ccd5b816fb3fce0a607809daa?pvs=21),
Selfridges,벤더,영국,"BIODANCE, Beauty of Joseon, medicube",Luneia (https://app.notion.com/p/Luneia-3bc3226ccd5b80d28d6be0ef0bb5f7b2?pvs=21),
Very,벤더,영국,medicube,Luneia (https://app.notion.com/p/Luneia-3bc3226ccd5b80d28d6be0ef0bb5f7b2?pvs=21),
Samaritaine,벤더,프랑스,FWEE,Samaritaine (https://app.notion.com/p/Samaritaine-3bc3226ccd5b80a7b054c7923d8107f4?pvs=21),
"P&C - PERFUMES & COMPANHIA,",벤더,포르투갈,"ARENCIA, Anua, BIODANCE, Beauty of Joseon, COSRX, Dr.Althea, KSECRET, Mediheal, Round Lab, SKIN1004, TOCOBO, VT Cosmetics, medicube",P&C Beauty Limited (https://app.notion.com/p/P-C-Beauty-Limited-3b63226ccd5b811c8b36f41a625da5d7?pvs=21),
DM Slovakia,벤더,슬로바키아,,Beautex (https://app.notion.com/p/Beautex-3bc3226ccd5b8046ae07f74523e6d2b3?pvs=21),
Shoppers Drug Mart,벤더,캐나다,"BIODANCE, Dr.Althea, MIXSOON",EXOD INTERNATIONAL (https://app.notion.com/p/EXOD-INTERNATIONAL-3b63226ccd5b81bc9a89e1ff1048ffb8?pvs=21),
Holt Renfrew,벤더,캐나다,"BIODANCE, Dr.Althea, medicube",EXOD INTERNATIONAL (https://app.notion.com/p/EXOD-INTERNATIONAL-3b63226ccd5b81bc9a89e1ff1048ffb8?pvs=21),
Galleria Supermarket,벤더,캐나다,Dr.Althea,EXOD INTERNATIONAL (https://app.notion.com/p/EXOD-INTERNATIONAL-3b63226ccd5b81bc9a89e1ff1048ffb8?pvs=21),
kiokii and…,벤더,캐나다,Dr.Althea,EXOD INTERNATIONAL (https://app.notion.com/p/EXOD-INTERNATIONAL-3b63226ccd5b81bc9a89e1ff1048ffb8?pvs=21),
Primor,벤더,"스페인, 포르투갈","Anua, BIODANCE, Beauty of Joseon, Purito, Round Lab, TOCOBO",Tradegate to Europe S.L. (https://app.notion.com/p/Tradegate-to-Europe-S-L-3b63226ccd5b81a19dfcef9f5324a9c5?pvs=21),
El Corte Ingles,벤더,스페인,"Anua, BIODANCE, Beauty of Joseon, TOCOBO",Tradegate to Europe S.L. (https://app.notion.com/p/Tradegate-to-Europe-S-L-3b63226ccd5b81a19dfcef9f5324a9c5?pvs=21),
Medi Market,벤더,스페인,Beauty of Joseon,Tradegate to Europe S.L. (https://app.notion.com/p/Tradegate-to-Europe-S-L-3b63226ccd5b81a19dfcef9f5324a9c5?pvs=21),
DIA (Clarel),벤더,스페인,"AXIS-Y, Abib, Beauty of Joseon, DR ALTHEA, NUMBUZIN, Purito, celimax",Tradegate to Europe S.L. (https://app.notion.com/p/Tradegate-to-Europe-S-L-3b63226ccd5b81a19dfcef9f5324a9c5?pvs=21),
Druni,벤더,"스페인, 포르투갈","Anua, BIODANCE, COSRX, DR ALTHEA, TOCOBO",Tradegate to Europe S.L. (https://app.notion.com/p/Tradegate-to-Europe-S-L-3b63226ccd5b81a19dfcef9f5324a9c5?pvs=21),
Primaprix,벤더,"스페인, 포르투갈, 프랑스","COSRX, NUMBUZIN",Tradegate to Europe S.L. (https://app.notion.com/p/Tradegate-to-Europe-S-L-3b63226ccd5b81a19dfcef9f5324a9c5?pvs=21),
Primor,벤더,"스페인, 포르투갈, 프랑스","AXIS-Y, DR ALTHEA, NUMBUZIN, celimax",Tradegate to Europe S.L. (https://app.notion.com/p/Tradegate-to-Europe-S-L-3b63226ccd5b81a19dfcef9f5324a9c5?pvs=21),
Julia Perfumeria,벤더,"스페인, 안도라","BIODANCE, DR ALTHEA",Tradegate to Europe S.L. (https://app.notion.com/p/Tradegate-to-Europe-S-L-3b63226ccd5b81a19dfcef9f5324a9c5?pvs=21),
DIA,벤더,스페인,BIODANCE,Tradegate to Europe S.L. (https://app.notion.com/p/Tradegate-to-Europe-S-L-3b63226ccd5b81a19dfcef9f5324a9c5?pvs=21),
DM drogerie,벤더,체코,"AXIS-Y, Anua, BIODANCE, Beauty of Joseon, COSRX, NOVINKY 2026, PURITO SEOUL, SOME BY MI, VT Cosmetics, medicube",dalora s.r.o. (https://app.notion.com/p/dalora-s-r-o-3b63226ccd5b8113ba28d5684402e914?pvs=21),
Rossman,벤더,헝가리,"BIODANCE, COSRX, Medicube (EU), NUMBUZIN, Nature Republic, PURITO SEOUL, Purito, medicube",SigmaConto Ltd (https://app.notion.com/p/SigmaConto-Ltd-3b63226ccd5b817c937cc77d51658b1a?pvs=21),
DM,벤더,세르비아,KSECRET,TRIBECA DOO (https://app.notion.com/p/TRIBECA-DOO-3b63226ccd5b81d58572f744b8499086?pvs=21),
Beauty privee,벤더,프랑스,"ARENCIA, AXIS-Y, Anua, BIODANCE, Beauty of Joseon, COSRX, Dr.Althea, EDGE U, FWEE, HEIMISH, Haruharu Wonder, Isntree, Jumiso, KSECRET, MARY&MAY, MIXSOON, NUMBUZIN, PURITO SEOUL, Pyunkang Yul, Round Lab, SKIN1004, SOMEBYMI, TOCOBO, Tirtir, VT Cosmetics, celimax, iUnik, medicube",Beauty privee (https://app.notion.com/p/Beauty-privee-3bc3226ccd5b80d6800dd61b59772c70?pvs=21),
Showroom privee,벤더,프랑스,"ARENCIA, AXIS-Y, BIODANCE, COSRX, Dr.Althea, Isntree, KSECRET, MIXSOON, Nature Republic, VT Cosmetics, celimax, medicube",VEEPEE (https://app.notion.com/p/VEEPEE-3bc3226ccd5b807891b0d346a5845e77?pvs=21),
,,,,,